{
  "overall": {
    "qwk": 0.40986031224322095,
    "mae": 1.0401593760440224,
    "within_0.5": 0.38596491228070173
  },
  "rubrics": {
    "overall": {
      "qwk": 0.40986031224322095,
      "mae": 1.0401593760440224,
      "within_0.5": 0.38596491228070173
    },
    "tr": {
      "qwk": 0.20213911420572817,
      "mae": 1.5636743997272693,
      "within_0.5": 0.10526315789473684
    },
    "cc": {
      "qwk": 0.193324432576769,
      "mae": 1.1797701768707811,
      "within_0.5": 0.38596491228070173
    },
    "lr": {
      "qwk": 0.3555070883315158,
      "mae": 1.323778457808913,
      "within_0.5": 0.40350877192982454
    },
    "gra": {
      "qwk": 0.47547037102162826,
      "mae": 1.4838953352811044,
      "within_0.5": 0.08771929824561403
    }
  },
  "other": {
    "dispersion": {
      "mean": 1.0401593760440224,
      "p50": 0.6899404525756836,
      "p95": 3.302059555053711
    },
    "low_confidence_rate": 0.6140350877192983,
    "corr_pred_wordcount": -0.011780676789778767
  }
}